{"cameraMode":{"drawMode":0,"name":"Shaded","section":"Shading Mode"},"sceneLighting":true,"audioPlay":false,"sceneViewState":{"m_AlwaysRefresh":false,"showFog":true,"showSkybox":true,"showFlares":true,"showImageEffects":true,"showParticleSystems":true,"showVisualEffectGraphs":true,"m_FxEnabled":true},"in2DMode":false,"pivot":{"x":3.876664876937866,"y":0.04838880896568298,"z":37.02265167236328},"rotation":{"x":0.12451842427253723,"y":-0.06517575681209564,"z":0.008195776492357254,"w":0.990073025226593},"size":64.9720687866211,"orthographic":false}