{"cameraMode":{"drawMode":0,"name":"Shaded","section":"Shading Mode"},"sceneLighting":false,"audioPlay":false,"sceneViewState":{"m_AlwaysRefresh":false,"showFog":true,"showSkybox":false,"showFlares":true,"showImageEffects":true,"showParticleSystems":true,"showVisualEffectGraphs":true,"m_FxEnabled":true},"in2DMode":false,"pivot":{"x":0.4375026226043701,"y":0.9999990463256836,"z":-0.0000019073486328125},"rotation":{"x":0.1035730242729187,"y":-0.08169831335544586,"z":0.008534411899745465,"w":0.9912447929382324},"size":1.5873043537139893,"orthographic":false}